{
  "answer_string_at_k": 29,
  "answer_string_at_k_rate": 0.58,
  "avg_memory_records": 19.56,
  "backend": {
    "calls": 0,
    "configured": false,
    "fallback_reasons": {},
    "fallbacks": 0,
    "mode": "offline",
    "models": []
  },
  "command": "python3.14 bench/longmemeval.py",
  "dataset_questions": 500,
  "dataset_revision": "98d7416c24c778c2fee6e6f3006e7a073259d48f",
  "dataset_sha256": "821a2034d219ab45846873dd14c14f12cfe7776e73527a483f9dac095d38620c",
  "evaluated": 50,
  "evaluated_question_ids": [
    "73d42213",
    "b9cfe692",
    "0edc2aef",
    "7e00a6cb",
    "gpt4_1916e0ea",
    "gpt4_c27434e8",
    "c960da58",
    "e47becba",
    "19b5f2b3",
    "e3038f8c",
    "5831f84d",
    "38146c39",
    "60036106",
    "58470ed2",
    "89941a93",
    "67e0d0f2",
    "gpt4_2c50253f",
    "af082822",
    "fca762bc",
    "86f00804",
    "61f8c8f8",
    "gpt4_372c3eed",
    "8077ef71",
    "gpt4_59149c77",
    "a96c20ee",
    "gpt4_5438fa52",
    "gpt4_68e94288",
    "28bcfaac",
    "gpt4_78cf46a3",
    "gpt4_2f584639",
    "71a3fd6b",
    "c8f1aeed",
    "1cea1afa",
    "gpt4_21adecb5",
    "gpt4_7abb270c",
    "18dcd5a5",
    "e9327a54",
    "8464fc84",
    "d01c6aa8",
    "f9e8c073",
    "a2f3aa27",
    "08e075c7",
    "gpt4_4929293a",
    "1de5cff2",
    "0862e8bf",
    "6b168ec8",
    "08f4fc43",
    "3c1045c8",
    "d24813b1",
    "0bc8ad92"
  ],
  "evidence_at_1": 25,
  "evidence_at_1_rate": 0.5,
  "evidence_at_k": 42,
  "evidence_at_k_rate": 0.84,
  "format": 1,
  "latencies_ms": [
    66.95266696624458,
    99.37937487848103,
    76.14566688425839,
    19.416291965171695,
    102.27179108187556,
    100.79049994237721,
    51.35325016453862,
    17.406709026545286,
    73.82445898838341,
    148.99429120123386,
    103.34408399648964,
    71.80799986235797,
    109.2501669190824,
    30.857207952067256,
    98.0903331656009,
    111.37749999761581,
    77.37116701900959,
    39.528208086267114,
    22.350542014464736,
    51.221124827861786,
    78.73216713778675,
    142.58495904505253,
    32.25599997676909,
    127.59120808914304,
    98.46725012175739,
    114.36087498441339,
    78.11779202893376,
    27.442374965175986,
    83.8175411336124,
    68.47579102031887,
    14.614749932661653,
    37.238166900351644,
    75.26558288373053,
    158.35358295589685,
    96.25899977982044,
    17.46791717596352,
    52.29516699910164,
    40.090166963636875,
    80.57762496173382,
    99.62316695600748,
    102.77849994599819,
    89.0576671808958,
    101.84829100035131,
    47.84045787528157,
    20.236791810020804,
    52.90449992753565,
    122.10720800794661,
    117.00129113160074,
    76.57354115508497,
    89.77458393201232
  ],
  "manifest": "bench/manifests/longmemeval.json",
  "median_latency_ms": 77.74447952397168,
  "memory_records": 978,
  "p95_latency_ms": 127.59120808914304,
  "provenance": {
    "commit": "b8bc57eeeb50a60779e9d37267bf6a8d284aab8a",
    "dirty": false,
    "mind_sha256": "c1cf48ce3c2cbadfd59497d40f68bc8d5e2f4c45d1448bd617a672b07f9f139a",
    "platform": "macOS-26.4.1-arm64-arm-64bit-Mach-O",
    "python": "3.14.6",
    "python_implementation": "CPython",
    "sources": {
      "bench/longmemeval.py": "6f105c6ae3438d3ab91cb0102e7635daa634f616194605307bca3900659d0fac",
      "bench/manifests/longmemeval.json": "68baa76f664840e278bdf66fffc984baacc3012319104240d418c592a196d798"
    }
  },
  "selected_question_ids": [
    "73d42213",
    "b9cfe692",
    "0edc2aef",
    "7e00a6cb",
    "gpt4_1916e0ea",
    "gpt4_c27434e8",
    "c960da58",
    "e47becba",
    "19b5f2b3",
    "e3038f8c",
    "5831f84d",
    "38146c39",
    "60036106",
    "58470ed2",
    "89941a93",
    "67e0d0f2",
    "gpt4_2c50253f",
    "af082822",
    "fca762bc",
    "86f00804",
    "61f8c8f8",
    "gpt4_372c3eed",
    "8077ef71",
    "gpt4_59149c77",
    "a96c20ee",
    "gpt4_5438fa52",
    "gpt4_68e94288",
    "28bcfaac",
    "gpt4_78cf46a3",
    "gpt4_2f584639",
    "71a3fd6b",
    "c8f1aeed",
    "1cea1afa",
    "gpt4_21adecb5",
    "gpt4_7abb270c",
    "18dcd5a5",
    "e9327a54",
    "8464fc84",
    "d01c6aa8",
    "f9e8c073",
    "a2f3aa27",
    "08e075c7",
    "gpt4_4929293a",
    "1de5cff2",
    "0862e8bf",
    "6b168ec8",
    "08f4fc43",
    "3c1045c8",
    "d24813b1",
    "0bc8ad92"
  ],
  "selected_questions": 50,
  "skipped_abstention": 30,
  "skipped_abstention_scope": "dataset",
  "skipped_no_evidence": 0,
  "source": "https://huggingface.co/datasets/xiaowu0162/longmemeval-cleaned/resolve/98d7416c24c778c2fee6e6f3006e7a073259d48f/longmemeval_oracle.json",
  "subset": {
    "engine": "mind",
    "granularity": "turn",
    "include_abstention": false,
    "limit": 50,
    "seed": 13,
    "top_k": 5
  }
}
