{
  "answer_string_at_k": 29,
  "answer_string_at_k_rate": 0.58,
  "avg_memory_records": 19.56,
  "backend": {
    "calls": 0,
    "configured": false,
    "fallback_reasons": {},
    "fallbacks": 0,
    "mode": "offline",
    "models": []
  },
  "command": "python3.14 bench/longmemeval.py",
  "dataset_questions": 500,
  "dataset_revision": "98d7416c24c778c2fee6e6f3006e7a073259d48f",
  "dataset_sha256": "821a2034d219ab45846873dd14c14f12cfe7776e73527a483f9dac095d38620c",
  "evaluated": 50,
  "evaluated_question_ids": [
    "73d42213",
    "b9cfe692",
    "0edc2aef",
    "7e00a6cb",
    "gpt4_1916e0ea",
    "gpt4_c27434e8",
    "c960da58",
    "e47becba",
    "19b5f2b3",
    "e3038f8c",
    "5831f84d",
    "38146c39",
    "60036106",
    "58470ed2",
    "89941a93",
    "67e0d0f2",
    "gpt4_2c50253f",
    "af082822",
    "fca762bc",
    "86f00804",
    "61f8c8f8",
    "gpt4_372c3eed",
    "8077ef71",
    "gpt4_59149c77",
    "a96c20ee",
    "gpt4_5438fa52",
    "gpt4_68e94288",
    "28bcfaac",
    "gpt4_78cf46a3",
    "gpt4_2f584639",
    "71a3fd6b",
    "c8f1aeed",
    "1cea1afa",
    "gpt4_21adecb5",
    "gpt4_7abb270c",
    "18dcd5a5",
    "e9327a54",
    "8464fc84",
    "d01c6aa8",
    "f9e8c073",
    "a2f3aa27",
    "08e075c7",
    "gpt4_4929293a",
    "1de5cff2",
    "0862e8bf",
    "6b168ec8",
    "08f4fc43",
    "3c1045c8",
    "d24813b1",
    "0bc8ad92"
  ],
  "evidence_at_1": 25,
  "evidence_at_1_rate": 0.5,
  "evidence_at_k": 42,
  "evidence_at_k_rate": 0.84,
  "format": 1,
  "latencies_ms": [
    93.30770908854902,
    133.86487518437207,
    116.31833389401436,
    33.31237495876849,
    151.0257909540087,
    153.60941598191857,
    80.78108285553753,
    25.764666963368654,
    61.22687505558133,
    204.5128750614822,
    143.6218328308314,
    126.81579194031656,
    179.985832888633,
    37.42183302529156,
    139.93737497366965,
    153.2521250192076,
    108.50433306768537,
    42.34358319081366,
    33.258333103731275,
    77.57779187522829,
    119.04429201968014,
    237.841916969046,
    48.230082960799336,
    189.24454203806818,
    143.33741599693894,
    162.00408292934299,
    110.64324993640184,
    36.840332904830575,
    116.04758305475116,
    103.32262492738664,
    29.968625167384744,
    58.496249839663506,
    101.7285839188844,
    212.31237519532442,
    208.5382908117026,
    25.596375111490488,
    92.50804083421826,
    60.69945800118148,
    144.09454190172255,
    117.76483291760087,
    133.7035840842873,
    127.3786670062691,
    139.9000419769436,
    58.80345799960196,
    33.83908304385841,
    94.06575001776218,
    164.447084069252,
    165.92470812611282,
    108.0192921217531,
    119.82374987564981
  ],
  "manifest": "bench/manifests/longmemeval.json",
  "median_latency_ms": 116.18295847438276,
  "memory_records": 978,
  "p95_latency_ms": 204.5128750614822,
  "provenance": {
    "commit": "47fc542fb2da757d8a213c10735a7b076fd584b3",
    "dirty": false,
    "mind_sha256": "fd37e04c42f013bb5b46e56dd1ed4afcfc90c6a3ef38e2f3557cede03e31ec83",
    "platform": "macOS-26.4.1-arm64-arm-64bit-Mach-O",
    "python": "3.14.6",
    "python_implementation": "CPython",
    "sources": {
      "bench/longmemeval.py": "6f105c6ae3438d3ab91cb0102e7635daa634f616194605307bca3900659d0fac",
      "bench/manifests/longmemeval.json": "68baa76f664840e278bdf66fffc984baacc3012319104240d418c592a196d798"
    }
  },
  "selected_question_ids": [
    "73d42213",
    "b9cfe692",
    "0edc2aef",
    "7e00a6cb",
    "gpt4_1916e0ea",
    "gpt4_c27434e8",
    "c960da58",
    "e47becba",
    "19b5f2b3",
    "e3038f8c",
    "5831f84d",
    "38146c39",
    "60036106",
    "58470ed2",
    "89941a93",
    "67e0d0f2",
    "gpt4_2c50253f",
    "af082822",
    "fca762bc",
    "86f00804",
    "61f8c8f8",
    "gpt4_372c3eed",
    "8077ef71",
    "gpt4_59149c77",
    "a96c20ee",
    "gpt4_5438fa52",
    "gpt4_68e94288",
    "28bcfaac",
    "gpt4_78cf46a3",
    "gpt4_2f584639",
    "71a3fd6b",
    "c8f1aeed",
    "1cea1afa",
    "gpt4_21adecb5",
    "gpt4_7abb270c",
    "18dcd5a5",
    "e9327a54",
    "8464fc84",
    "d01c6aa8",
    "f9e8c073",
    "a2f3aa27",
    "08e075c7",
    "gpt4_4929293a",
    "1de5cff2",
    "0862e8bf",
    "6b168ec8",
    "08f4fc43",
    "3c1045c8",
    "d24813b1",
    "0bc8ad92"
  ],
  "selected_questions": 50,
  "skipped_abstention": 30,
  "skipped_abstention_scope": "dataset",
  "skipped_no_evidence": 0,
  "source": "https://huggingface.co/datasets/xiaowu0162/longmemeval-cleaned/resolve/98d7416c24c778c2fee6e6f3006e7a073259d48f/longmemeval_oracle.json",
  "subset": {
    "engine": "mind",
    "granularity": "turn",
    "include_abstention": false,
    "limit": 50,
    "seed": 13,
    "top_k": 5
  }
}
