{
  "answer_string_at_k": 28,
  "answer_string_at_k_rate": 0.56,
  "avg_memory_records": 19.56,
  "backend": {
    "calls": 0,
    "configured": false,
    "fallback_reasons": {},
    "fallbacks": 0,
    "mode": "bm25",
    "models": []
  },
  "command": "python3.14 bench/longmemeval.py --engine bm25",
  "dataset_questions": 500,
  "dataset_revision": "98d7416c24c778c2fee6e6f3006e7a073259d48f",
  "dataset_sha256": "821a2034d219ab45846873dd14c14f12cfe7776e73527a483f9dac095d38620c",
  "evaluated": 50,
  "evaluated_question_ids": [
    "73d42213",
    "b9cfe692",
    "0edc2aef",
    "7e00a6cb",
    "gpt4_1916e0ea",
    "gpt4_c27434e8",
    "c960da58",
    "e47becba",
    "19b5f2b3",
    "e3038f8c",
    "5831f84d",
    "38146c39",
    "60036106",
    "58470ed2",
    "89941a93",
    "67e0d0f2",
    "gpt4_2c50253f",
    "af082822",
    "fca762bc",
    "86f00804",
    "61f8c8f8",
    "gpt4_372c3eed",
    "8077ef71",
    "gpt4_59149c77",
    "a96c20ee",
    "gpt4_5438fa52",
    "gpt4_68e94288",
    "28bcfaac",
    "gpt4_78cf46a3",
    "gpt4_2f584639",
    "71a3fd6b",
    "c8f1aeed",
    "1cea1afa",
    "gpt4_21adecb5",
    "gpt4_7abb270c",
    "18dcd5a5",
    "e9327a54",
    "8464fc84",
    "d01c6aa8",
    "f9e8c073",
    "a2f3aa27",
    "08e075c7",
    "gpt4_4929293a",
    "1de5cff2",
    "0862e8bf",
    "6b168ec8",
    "08f4fc43",
    "3c1045c8",
    "d24813b1",
    "0bc8ad92"
  ],
  "evidence_at_1": 33,
  "evidence_at_1_rate": 0.66,
  "evidence_at_k": 46,
  "evidence_at_k_rate": 0.92,
  "format": 1,
  "latencies_ms": [
    12.992791133001447,
    23.44195800833404,
    10.401749983429909,
    4.3837090488523245,
    17.023874912410975,
    25.83641605451703,
    7.677416084334254,
    8.370333118364215,
    9.003000101074576,
    41.61775019019842,
    15.686208847910166,
    12.28129188530147,
    15.961459139361978,
    4.162124823778868,
    19.527083029970527,
    20.621582865715027,
    20.786707988008857,
    12.035750085487962,
    2.5319999549537897,
    10.637917090207338,
    20.891832886263728,
    37.08562487736344,
    5.596792092546821,
    24.838166078552604,
    18.39904091320932,
    21.415167022496462,
    15.11279190890491,
    2.5429159868508577,
    14.132708078250289,
    18.216124968603253,
    1.6306659672409296,
    3.5900829825550318,
    13.126916950568557,
    24.192958138883114,
    42.0799171552062,
    2.2863331250846386,
    8.776375092566013,
    3.895082976669073,
    17.43333414196968,
    19.111542031168938,
    9.761833120137453,
    13.612542068585753,
    8.333874866366386,
    3.427291987463832,
    2.013541990891099,
    2.0732081029564142,
    8.365916088223457,
    8.546249940991402,
    4.192291991785169,
    11.235582875087857
  ],
  "manifest": "bench/manifests/longmemeval.json",
  "median_latency_ms": 12.158520985394716,
  "memory_records": 978,
  "p95_latency_ms": 25.83641605451703,
  "provenance": {
    "commit": "91cbbf0089e6aa366a15556968a73faf4f83a3cd",
    "dirty": false,
    "mind_sha256": "ae2fc389b3b09c93cb432ab55b71063d98b400da6b18d6bc178322bc8f3fcf69",
    "platform": "macOS-26.4.1-arm64-arm-64bit-Mach-O",
    "python": "3.14.6",
    "python_implementation": "CPython",
    "sources": {
      "bench/longmemeval.py": "6f105c6ae3438d3ab91cb0102e7635daa634f616194605307bca3900659d0fac",
      "bench/manifests/longmemeval.json": "68baa76f664840e278bdf66fffc984baacc3012319104240d418c592a196d798"
    }
  },
  "selected_question_ids": [
    "73d42213",
    "b9cfe692",
    "0edc2aef",
    "7e00a6cb",
    "gpt4_1916e0ea",
    "gpt4_c27434e8",
    "c960da58",
    "e47becba",
    "19b5f2b3",
    "e3038f8c",
    "5831f84d",
    "38146c39",
    "60036106",
    "58470ed2",
    "89941a93",
    "67e0d0f2",
    "gpt4_2c50253f",
    "af082822",
    "fca762bc",
    "86f00804",
    "61f8c8f8",
    "gpt4_372c3eed",
    "8077ef71",
    "gpt4_59149c77",
    "a96c20ee",
    "gpt4_5438fa52",
    "gpt4_68e94288",
    "28bcfaac",
    "gpt4_78cf46a3",
    "gpt4_2f584639",
    "71a3fd6b",
    "c8f1aeed",
    "1cea1afa",
    "gpt4_21adecb5",
    "gpt4_7abb270c",
    "18dcd5a5",
    "e9327a54",
    "8464fc84",
    "d01c6aa8",
    "f9e8c073",
    "a2f3aa27",
    "08e075c7",
    "gpt4_4929293a",
    "1de5cff2",
    "0862e8bf",
    "6b168ec8",
    "08f4fc43",
    "3c1045c8",
    "d24813b1",
    "0bc8ad92"
  ],
  "selected_questions": 50,
  "skipped_abstention": 30,
  "skipped_abstention_scope": "dataset",
  "skipped_no_evidence": 0,
  "source": "https://huggingface.co/datasets/xiaowu0162/longmemeval-cleaned/resolve/98d7416c24c778c2fee6e6f3006e7a073259d48f/longmemeval_oracle.json",
  "subset": {
    "engine": "bm25",
    "granularity": "turn",
    "include_abstention": false,
    "limit": 50,
    "seed": 13,
    "top_k": 5
  }
}
