{
  "answer_string_at_k": 28,
  "answer_string_at_k_rate": 0.56,
  "avg_memory_records": 19.56,
  "backend": {
    "calls": 0,
    "configured": false,
    "fallback_reasons": {},
    "fallbacks": 0,
    "mode": "bm25",
    "models": []
  },
  "command": "python3.14 bench/longmemeval.py --engine bm25",
  "dataset_questions": 500,
  "dataset_revision": "98d7416c24c778c2fee6e6f3006e7a073259d48f",
  "dataset_sha256": "821a2034d219ab45846873dd14c14f12cfe7776e73527a483f9dac095d38620c",
  "evaluated": 50,
  "evaluated_question_ids": [
    "73d42213",
    "b9cfe692",
    "0edc2aef",
    "7e00a6cb",
    "gpt4_1916e0ea",
    "gpt4_c27434e8",
    "c960da58",
    "e47becba",
    "19b5f2b3",
    "e3038f8c",
    "5831f84d",
    "38146c39",
    "60036106",
    "58470ed2",
    "89941a93",
    "67e0d0f2",
    "gpt4_2c50253f",
    "af082822",
    "fca762bc",
    "86f00804",
    "61f8c8f8",
    "gpt4_372c3eed",
    "8077ef71",
    "gpt4_59149c77",
    "a96c20ee",
    "gpt4_5438fa52",
    "gpt4_68e94288",
    "28bcfaac",
    "gpt4_78cf46a3",
    "gpt4_2f584639",
    "71a3fd6b",
    "c8f1aeed",
    "1cea1afa",
    "gpt4_21adecb5",
    "gpt4_7abb270c",
    "18dcd5a5",
    "e9327a54",
    "8464fc84",
    "d01c6aa8",
    "f9e8c073",
    "a2f3aa27",
    "08e075c7",
    "gpt4_4929293a",
    "1de5cff2",
    "0862e8bf",
    "6b168ec8",
    "08f4fc43",
    "3c1045c8",
    "d24813b1",
    "0bc8ad92"
  ],
  "evidence_at_1": 33,
  "evidence_at_1_rate": 0.66,
  "evidence_at_k": 46,
  "evidence_at_k_rate": 0.92,
  "format": 1,
  "latencies_ms": [
    10.57545910589397,
    24.27283301949501,
    10.55533392354846,
    1.8752079922705889,
    16.153959091752768,
    18.015499925240874,
    8.280499838292599,
    8.346334099769592,
    6.402832921594381,
    30.975874979048967,
    18.651708960533142,
    11.418249923735857,
    28.967457823455334,
    2.048332942649722,
    68.43762518838048,
    11.947874911129475,
    12.55408301949501,
    6.496415939182043,
    1.8117500003427267,
    7.132750004529953,
    11.211917037144303,
    29.360666871070862,
    2.3073749616742134,
    17.905417131260037,
    14.456457924097776,
    18.731250194832683,
    12.616625055670738,
    2.1259579807519913,
    13.859207974746823,
    11.705874931067228,
    1.497957855463028,
    3.5851250868290663,
    15.997957903891802,
    20.382458111271262,
    39.157040882855654,
    2.0367500837892294,
    5.4047079756855965,
    4.432916175574064,
    16.120207961648703,
    16.688500065356493,
    10.518125025555491,
    11.444125091657043,
    15.853291843086481,
    3.785208100453019,
    8.06208304129541,
    5.720708053559065,
    17.22008315846324,
    17.50933309085667,
    9.22783394344151,
    19.641624996438622
  ],
  "manifest": "bench/manifests/longmemeval.json",
  "median_latency_ms": 11.575000011362135,
  "memory_records": 978,
  "p95_latency_ms": 29.360666871070862,
  "provenance": {
    "commit": "47fc542fb2da757d8a213c10735a7b076fd584b3",
    "dirty": false,
    "mind_sha256": "fd37e04c42f013bb5b46e56dd1ed4afcfc90c6a3ef38e2f3557cede03e31ec83",
    "platform": "macOS-26.4.1-arm64-arm-64bit-Mach-O",
    "python": "3.14.6",
    "python_implementation": "CPython",
    "sources": {
      "bench/longmemeval.py": "6f105c6ae3438d3ab91cb0102e7635daa634f616194605307bca3900659d0fac",
      "bench/manifests/longmemeval.json": "68baa76f664840e278bdf66fffc984baacc3012319104240d418c592a196d798"
    }
  },
  "selected_question_ids": [
    "73d42213",
    "b9cfe692",
    "0edc2aef",
    "7e00a6cb",
    "gpt4_1916e0ea",
    "gpt4_c27434e8",
    "c960da58",
    "e47becba",
    "19b5f2b3",
    "e3038f8c",
    "5831f84d",
    "38146c39",
    "60036106",
    "58470ed2",
    "89941a93",
    "67e0d0f2",
    "gpt4_2c50253f",
    "af082822",
    "fca762bc",
    "86f00804",
    "61f8c8f8",
    "gpt4_372c3eed",
    "8077ef71",
    "gpt4_59149c77",
    "a96c20ee",
    "gpt4_5438fa52",
    "gpt4_68e94288",
    "28bcfaac",
    "gpt4_78cf46a3",
    "gpt4_2f584639",
    "71a3fd6b",
    "c8f1aeed",
    "1cea1afa",
    "gpt4_21adecb5",
    "gpt4_7abb270c",
    "18dcd5a5",
    "e9327a54",
    "8464fc84",
    "d01c6aa8",
    "f9e8c073",
    "a2f3aa27",
    "08e075c7",
    "gpt4_4929293a",
    "1de5cff2",
    "0862e8bf",
    "6b168ec8",
    "08f4fc43",
    "3c1045c8",
    "d24813b1",
    "0bc8ad92"
  ],
  "selected_questions": 50,
  "skipped_abstention": 30,
  "skipped_abstention_scope": "dataset",
  "skipped_no_evidence": 0,
  "source": "https://huggingface.co/datasets/xiaowu0162/longmemeval-cleaned/resolve/98d7416c24c778c2fee6e6f3006e7a073259d48f/longmemeval_oracle.json",
  "subset": {
    "engine": "bm25",
    "granularity": "turn",
    "include_abstention": false,
    "limit": 50,
    "seed": 13,
    "top_k": 5
  }
}
