{
  "answer_string_at_k": 26,
  "answer_string_at_k_rate": 0.52,
  "avg_memory_records": 19.56,
  "backend": {
    "calls": 49,
    "configured": true,
    "fallback_reasons": {},
    "fallbacks": 0,
    "mode": "server",
    "models": [
      "stdlib-concept-hash@2"
    ]
  },
  "command": "python3.14 bench/longmemeval.py --embed-server 'python3 contrib/concept_embed_server.py' --require-embed",
  "dataset_questions": 500,
  "dataset_revision": "98d7416c24c778c2fee6e6f3006e7a073259d48f",
  "dataset_sha256": "821a2034d219ab45846873dd14c14f12cfe7776e73527a483f9dac095d38620c",
  "evaluated": 50,
  "evaluated_question_ids": [
    "73d42213",
    "b9cfe692",
    "0edc2aef",
    "7e00a6cb",
    "gpt4_1916e0ea",
    "gpt4_c27434e8",
    "c960da58",
    "e47becba",
    "19b5f2b3",
    "e3038f8c",
    "5831f84d",
    "38146c39",
    "60036106",
    "58470ed2",
    "89941a93",
    "67e0d0f2",
    "gpt4_2c50253f",
    "af082822",
    "fca762bc",
    "86f00804",
    "61f8c8f8",
    "gpt4_372c3eed",
    "8077ef71",
    "gpt4_59149c77",
    "a96c20ee",
    "gpt4_5438fa52",
    "gpt4_68e94288",
    "28bcfaac",
    "gpt4_78cf46a3",
    "gpt4_2f584639",
    "71a3fd6b",
    "c8f1aeed",
    "1cea1afa",
    "gpt4_21adecb5",
    "gpt4_7abb270c",
    "18dcd5a5",
    "e9327a54",
    "8464fc84",
    "d01c6aa8",
    "f9e8c073",
    "a2f3aa27",
    "08e075c7",
    "gpt4_4929293a",
    "1de5cff2",
    "0862e8bf",
    "6b168ec8",
    "08f4fc43",
    "3c1045c8",
    "d24813b1",
    "0bc8ad92"
  ],
  "evidence_at_1": 28,
  "evidence_at_1_rate": 0.56,
  "evidence_at_k": 42,
  "evidence_at_k_rate": 0.84,
  "format": 1,
  "latencies_ms": [
    278.7863330449909,
    345.0589159037918,
    256.8196249194443,
    190.06358296610415,
    282.7435410581529,
    304.4717919547111,
    258.9419998694211,
    216.1613330245018,
    276.6852919012308,
    420.9328331053257,
    502.4239579215646,
    346.47812508046627,
    455.7459170464426,
    255.45604201033711,
    271.00333385169506,
    353.3371249213815,
    375.2181250602007,
    222.35191706568003,
    248.71566682122648,
    274.75254121236503,
    295.09770800359547,
    343.608875060454,
    219.1806670743972,
    304.15987502783537,
    280.1064590457827,
    327.10762484930456,
    281.0699590481818,
    333.64016585983336,
    288.92916697077453,
    228.64145785570145,
    169.36649987474084,
    207.58225000463426,
    253.67529201321304,
    289.6338750142604,
    283.5087920539081,
    174.70487486571074,
    297.3859580233693,
    215.07645794190466,
    231.1209999024868,
    246.12595909275115,
    265.5897089280188,
    229.85670901834965,
    249.5346248615533,
    226.42450011335313,
    33.19595800712705,
    199.14483302272856,
    265.5439581722021,
    235.16745795495808,
    277.0180001389235,
    288.710166933015
  ],
  "manifest": "bench/manifests/longmemeval.json",
  "median_latency_ms": 272.87793753203005,
  "memory_records": 978,
  "p95_latency_ms": 375.2181250602007,
  "provenance": {
    "commit": "aa6dfa9774a0e5480989e3495a71543fdc5bb96f",
    "dirty": true,
    "mind_sha256": "ae2fc389b3b09c93cb432ab55b71063d98b400da6b18d6bc178322bc8f3fcf69",
    "platform": "macOS-26.4.1-arm64-arm-64bit-Mach-O",
    "python": "3.14.6",
    "python_implementation": "CPython",
    "sources": {
      "bench/longmemeval.py": "6f105c6ae3438d3ab91cb0102e7635daa634f616194605307bca3900659d0fac",
      "bench/manifests/longmemeval.json": "68baa76f664840e278bdf66fffc984baacc3012319104240d418c592a196d798"
    }
  },
  "selected_question_ids": [
    "73d42213",
    "b9cfe692",
    "0edc2aef",
    "7e00a6cb",
    "gpt4_1916e0ea",
    "gpt4_c27434e8",
    "c960da58",
    "e47becba",
    "19b5f2b3",
    "e3038f8c",
    "5831f84d",
    "38146c39",
    "60036106",
    "58470ed2",
    "89941a93",
    "67e0d0f2",
    "gpt4_2c50253f",
    "af082822",
    "fca762bc",
    "86f00804",
    "61f8c8f8",
    "gpt4_372c3eed",
    "8077ef71",
    "gpt4_59149c77",
    "a96c20ee",
    "gpt4_5438fa52",
    "gpt4_68e94288",
    "28bcfaac",
    "gpt4_78cf46a3",
    "gpt4_2f584639",
    "71a3fd6b",
    "c8f1aeed",
    "1cea1afa",
    "gpt4_21adecb5",
    "gpt4_7abb270c",
    "18dcd5a5",
    "e9327a54",
    "8464fc84",
    "d01c6aa8",
    "f9e8c073",
    "a2f3aa27",
    "08e075c7",
    "gpt4_4929293a",
    "1de5cff2",
    "0862e8bf",
    "6b168ec8",
    "08f4fc43",
    "3c1045c8",
    "d24813b1",
    "0bc8ad92"
  ],
  "selected_questions": 50,
  "skipped_abstention": 30,
  "skipped_abstention_scope": "dataset",
  "skipped_no_evidence": 0,
  "source": "https://huggingface.co/datasets/xiaowu0162/longmemeval-cleaned/resolve/98d7416c24c778c2fee6e6f3006e7a073259d48f/longmemeval_oracle.json",
  "subset": {
    "engine": "mind",
    "granularity": "turn",
    "include_abstention": false,
    "limit": 50,
    "seed": 13,
    "top_k": 5
  }
}
