{
  "answer_string_at_k": 26,
  "answer_string_at_k_rate": 0.52,
  "avg_memory_records": 19.56,
  "backend": {
    "calls": 49,
    "configured": true,
    "fallback_reasons": {},
    "fallbacks": 0,
    "mode": "server",
    "models": [
      "stdlib-concept-hash@2"
    ]
  },
  "command": "python3.14 bench/longmemeval.py --embed-server 'python3 contrib/concept_embed_server.py' --require-embed",
  "dataset_questions": 500,
  "dataset_revision": "98d7416c24c778c2fee6e6f3006e7a073259d48f",
  "dataset_sha256": "821a2034d219ab45846873dd14c14f12cfe7776e73527a483f9dac095d38620c",
  "evaluated": 50,
  "evaluated_question_ids": [
    "73d42213",
    "b9cfe692",
    "0edc2aef",
    "7e00a6cb",
    "gpt4_1916e0ea",
    "gpt4_c27434e8",
    "c960da58",
    "e47becba",
    "19b5f2b3",
    "e3038f8c",
    "5831f84d",
    "38146c39",
    "60036106",
    "58470ed2",
    "89941a93",
    "67e0d0f2",
    "gpt4_2c50253f",
    "af082822",
    "fca762bc",
    "86f00804",
    "61f8c8f8",
    "gpt4_372c3eed",
    "8077ef71",
    "gpt4_59149c77",
    "a96c20ee",
    "gpt4_5438fa52",
    "gpt4_68e94288",
    "28bcfaac",
    "gpt4_78cf46a3",
    "gpt4_2f584639",
    "71a3fd6b",
    "c8f1aeed",
    "1cea1afa",
    "gpt4_21adecb5",
    "gpt4_7abb270c",
    "18dcd5a5",
    "e9327a54",
    "8464fc84",
    "d01c6aa8",
    "f9e8c073",
    "a2f3aa27",
    "08e075c7",
    "gpt4_4929293a",
    "1de5cff2",
    "0862e8bf",
    "6b168ec8",
    "08f4fc43",
    "3c1045c8",
    "d24813b1",
    "0bc8ad92"
  ],
  "evidence_at_1": 28,
  "evidence_at_1_rate": 0.56,
  "evidence_at_k": 42,
  "evidence_at_k_rate": 0.84,
  "format": 1,
  "latencies_ms": [
    187.3901670332998,
    262.4629170168191,
    246.77970889024436,
    177.143958164379,
    254.60866605862975,
    280.05612501874566,
    204.9553340766579,
    155.60020902194083,
    177.92879207991064,
    278.58841698616743,
    221.54587507247925,
    212.35645888373256,
    264.10112506709993,
    204.31516598910093,
    251.58329191617668,
    263.08229099959135,
    204.4236660003662,
    192.56874988786876,
    167.96941682696342,
    213.16300006583333,
    245.65925006754696,
    320.16666722483933,
    192.54991691559553,
    285.382250091061,
    238.36883320473135,
    305.4609589744359,
    256.06179190799594,
    197.12991709820926,
    337.4024590011686,
    232.60004119947553,
    170.81220797263086,
    188.76037490554154,
    228.14141702838242,
    293.45954093150795,
    272.7864170446992,
    159.96124991215765,
    222.96599997207522,
    217.83224982209504,
    219.64900009334087,
    245.06937502883375,
    246.49641709402204,
    225.7216249126941,
    263.3070829324424,
    201.7273330129683,
    26.79720800369978,
    217.78000006452203,
    256.9947079755366,
    244.88470796495676,
    232.44250006973743,
    265.7590829767287
  ],
  "manifest": "bench/manifests/longmemeval.json",
  "median_latency_ms": 230.29195854905993,
  "memory_records": 978,
  "p95_latency_ms": 293.45954093150795,
  "provenance": {
    "commit": "47fc542fb2da757d8a213c10735a7b076fd584b3",
    "dirty": false,
    "mind_sha256": "fd37e04c42f013bb5b46e56dd1ed4afcfc90c6a3ef38e2f3557cede03e31ec83",
    "platform": "macOS-26.4.1-arm64-arm-64bit-Mach-O",
    "python": "3.14.6",
    "python_implementation": "CPython",
    "sources": {
      "bench/longmemeval.py": "6f105c6ae3438d3ab91cb0102e7635daa634f616194605307bca3900659d0fac",
      "bench/manifests/longmemeval.json": "68baa76f664840e278bdf66fffc984baacc3012319104240d418c592a196d798"
    }
  },
  "selected_question_ids": [
    "73d42213",
    "b9cfe692",
    "0edc2aef",
    "7e00a6cb",
    "gpt4_1916e0ea",
    "gpt4_c27434e8",
    "c960da58",
    "e47becba",
    "19b5f2b3",
    "e3038f8c",
    "5831f84d",
    "38146c39",
    "60036106",
    "58470ed2",
    "89941a93",
    "67e0d0f2",
    "gpt4_2c50253f",
    "af082822",
    "fca762bc",
    "86f00804",
    "61f8c8f8",
    "gpt4_372c3eed",
    "8077ef71",
    "gpt4_59149c77",
    "a96c20ee",
    "gpt4_5438fa52",
    "gpt4_68e94288",
    "28bcfaac",
    "gpt4_78cf46a3",
    "gpt4_2f584639",
    "71a3fd6b",
    "c8f1aeed",
    "1cea1afa",
    "gpt4_21adecb5",
    "gpt4_7abb270c",
    "18dcd5a5",
    "e9327a54",
    "8464fc84",
    "d01c6aa8",
    "f9e8c073",
    "a2f3aa27",
    "08e075c7",
    "gpt4_4929293a",
    "1de5cff2",
    "0862e8bf",
    "6b168ec8",
    "08f4fc43",
    "3c1045c8",
    "d24813b1",
    "0bc8ad92"
  ],
  "selected_questions": 50,
  "skipped_abstention": 30,
  "skipped_abstention_scope": "dataset",
  "skipped_no_evidence": 0,
  "source": "https://huggingface.co/datasets/xiaowu0162/longmemeval-cleaned/resolve/98d7416c24c778c2fee6e6f3006e7a073259d48f/longmemeval_oracle.json",
  "subset": {
    "engine": "mind",
    "granularity": "turn",
    "include_abstention": false,
    "limit": 50,
    "seed": 13,
    "top_k": 5
  }
}
