{
  "answer_string_at_k": 26,
  "answer_string_at_k_rate": 0.52,
  "avg_memory_records": 19.56,
  "backend": {
    "calls": 49,
    "configured": true,
    "fallback_reasons": {},
    "fallbacks": 0,
    "mode": "server",
    "models": [
      "stdlib-concept-hash@2"
    ]
  },
  "command": "python3.14 bench/longmemeval.py --embed-server 'python3 contrib/concept_embed_server.py' --require-embed",
  "dataset_questions": 500,
  "dataset_revision": "98d7416c24c778c2fee6e6f3006e7a073259d48f",
  "dataset_sha256": "821a2034d219ab45846873dd14c14f12cfe7776e73527a483f9dac095d38620c",
  "evaluated": 50,
  "evaluated_question_ids": [
    "73d42213",
    "b9cfe692",
    "0edc2aef",
    "7e00a6cb",
    "gpt4_1916e0ea",
    "gpt4_c27434e8",
    "c960da58",
    "e47becba",
    "19b5f2b3",
    "e3038f8c",
    "5831f84d",
    "38146c39",
    "60036106",
    "58470ed2",
    "89941a93",
    "67e0d0f2",
    "gpt4_2c50253f",
    "af082822",
    "fca762bc",
    "86f00804",
    "61f8c8f8",
    "gpt4_372c3eed",
    "8077ef71",
    "gpt4_59149c77",
    "a96c20ee",
    "gpt4_5438fa52",
    "gpt4_68e94288",
    "28bcfaac",
    "gpt4_78cf46a3",
    "gpt4_2f584639",
    "71a3fd6b",
    "c8f1aeed",
    "1cea1afa",
    "gpt4_21adecb5",
    "gpt4_7abb270c",
    "18dcd5a5",
    "e9327a54",
    "8464fc84",
    "d01c6aa8",
    "f9e8c073",
    "a2f3aa27",
    "08e075c7",
    "gpt4_4929293a",
    "1de5cff2",
    "0862e8bf",
    "6b168ec8",
    "08f4fc43",
    "3c1045c8",
    "d24813b1",
    "0bc8ad92"
  ],
  "evidence_at_1": 28,
  "evidence_at_1_rate": 0.56,
  "evidence_at_k": 42,
  "evidence_at_k_rate": 0.84,
  "format": 1,
  "latencies_ms": [
    190.31850015744567,
    202.46016699820757,
    186.69637478888035,
    177.26174998097122,
    208.00287509337068,
    200.67220903001726,
    167.52595896832645,
    150.36958316341043,
    157.6085421256721,
    255.8100000023842,
    202.43241707794368,
    187.87029199302197,
    214.68866686336696,
    150.35487501882017,
    203.01000005565584,
    218.55583298020065,
    213.1414997857064,
    164.23716698773205,
    143.86120904237032,
    177.2661660797894,
    198.1750421691686,
    283.56837504543364,
    163.23400009423494,
    238.89479087665677,
    212.73562498390675,
    270.75545908883214,
    224.28429103456438,
    196.45937508903444,
    234.9995831027627,
    174.0037500858307,
    140.85387508384883,
    182.86920804530382,
    194.36395913362503,
    255.0512079615146,
    211.5119588561356,
    128.83100006729364,
    185.91345800086856,
    169.6053750347346,
    196.94433407858014,
    193.94012517295778,
    172.30258299969137,
    213.52725010365248,
    198.45233391970396,
    171.26833298243582,
    26.038584066554904,
    173.52408287115395,
    216.04675007984042,
    173.1565420050174,
    204.9033329822123,
    207.14000007137656
  ],
  "manifest": "bench/manifests/longmemeval.json",
  "median_latency_ms": 195.41166711132973,
  "memory_records": 978,
  "p95_latency_ms": 255.0512079615146,
  "provenance": {
    "commit": "b8bc57eeeb50a60779e9d37267bf6a8d284aab8a",
    "dirty": false,
    "mind_sha256": "c1cf48ce3c2cbadfd59497d40f68bc8d5e2f4c45d1448bd617a672b07f9f139a",
    "platform": "macOS-26.4.1-arm64-arm-64bit-Mach-O",
    "python": "3.14.6",
    "python_implementation": "CPython",
    "sources": {
      "bench/longmemeval.py": "6f105c6ae3438d3ab91cb0102e7635daa634f616194605307bca3900659d0fac",
      "bench/manifests/longmemeval.json": "68baa76f664840e278bdf66fffc984baacc3012319104240d418c592a196d798"
    }
  },
  "selected_question_ids": [
    "73d42213",
    "b9cfe692",
    "0edc2aef",
    "7e00a6cb",
    "gpt4_1916e0ea",
    "gpt4_c27434e8",
    "c960da58",
    "e47becba",
    "19b5f2b3",
    "e3038f8c",
    "5831f84d",
    "38146c39",
    "60036106",
    "58470ed2",
    "89941a93",
    "67e0d0f2",
    "gpt4_2c50253f",
    "af082822",
    "fca762bc",
    "86f00804",
    "61f8c8f8",
    "gpt4_372c3eed",
    "8077ef71",
    "gpt4_59149c77",
    "a96c20ee",
    "gpt4_5438fa52",
    "gpt4_68e94288",
    "28bcfaac",
    "gpt4_78cf46a3",
    "gpt4_2f584639",
    "71a3fd6b",
    "c8f1aeed",
    "1cea1afa",
    "gpt4_21adecb5",
    "gpt4_7abb270c",
    "18dcd5a5",
    "e9327a54",
    "8464fc84",
    "d01c6aa8",
    "f9e8c073",
    "a2f3aa27",
    "08e075c7",
    "gpt4_4929293a",
    "1de5cff2",
    "0862e8bf",
    "6b168ec8",
    "08f4fc43",
    "3c1045c8",
    "d24813b1",
    "0bc8ad92"
  ],
  "selected_questions": 50,
  "skipped_abstention": 30,
  "skipped_abstention_scope": "dataset",
  "skipped_no_evidence": 0,
  "source": "https://huggingface.co/datasets/xiaowu0162/longmemeval-cleaned/resolve/98d7416c24c778c2fee6e6f3006e7a073259d48f/longmemeval_oracle.json",
  "subset": {
    "engine": "mind",
    "granularity": "turn",
    "include_abstention": false,
    "limit": 50,
    "seed": 13,
    "top_k": 5
  }
}
