{
  "answer_string_at_k": 28,
  "answer_string_at_k_rate": 0.56,
  "avg_memory_records": 19.56,
  "backend": {
    "calls": 0,
    "configured": false,
    "fallback_reasons": {},
    "fallbacks": 0,
    "mode": "bm25",
    "models": []
  },
  "command": "python3.14 bench/longmemeval.py --engine bm25",
  "dataset_questions": 500,
  "dataset_revision": "98d7416c24c778c2fee6e6f3006e7a073259d48f",
  "dataset_sha256": "821a2034d219ab45846873dd14c14f12cfe7776e73527a483f9dac095d38620c",
  "evaluated": 50,
  "evaluated_question_ids": [
    "73d42213",
    "b9cfe692",
    "0edc2aef",
    "7e00a6cb",
    "gpt4_1916e0ea",
    "gpt4_c27434e8",
    "c960da58",
    "e47becba",
    "19b5f2b3",
    "e3038f8c",
    "5831f84d",
    "38146c39",
    "60036106",
    "58470ed2",
    "89941a93",
    "67e0d0f2",
    "gpt4_2c50253f",
    "af082822",
    "fca762bc",
    "86f00804",
    "61f8c8f8",
    "gpt4_372c3eed",
    "8077ef71",
    "gpt4_59149c77",
    "a96c20ee",
    "gpt4_5438fa52",
    "gpt4_68e94288",
    "28bcfaac",
    "gpt4_78cf46a3",
    "gpt4_2f584639",
    "71a3fd6b",
    "c8f1aeed",
    "1cea1afa",
    "gpt4_21adecb5",
    "gpt4_7abb270c",
    "18dcd5a5",
    "e9327a54",
    "8464fc84",
    "d01c6aa8",
    "f9e8c073",
    "a2f3aa27",
    "08e075c7",
    "gpt4_4929293a",
    "1de5cff2",
    "0862e8bf",
    "6b168ec8",
    "08f4fc43",
    "3c1045c8",
    "d24813b1",
    "0bc8ad92"
  ],
  "evidence_at_1": 33,
  "evidence_at_1_rate": 0.66,
  "evidence_at_k": 46,
  "evidence_at_k_rate": 0.92,
  "format": 1,
  "latencies_ms": [
    5.373750114813447,
    15.923582948744297,
    9.651624830439687,
    1.1250420939177275,
    6.826333003118634,
    9.188583120703697,
    3.1246249563992023,
    3.540625097230077,
    5.122249945998192,
    21.129915956407785,
    12.687541078776121,
    5.116374930366874,
    9.067041100934148,
    2.1365839056670666,
    7.461083121597767,
    9.037000127136707,
    7.997666951268911,
    4.978665849193931,
    1.0703750886023045,
    3.3808329608291388,
    5.7117079850286245,
    13.547958107665181,
    1.7324169166386127,
    12.687040958553553,
    9.637790964916348,
    9.64799989014864,
    9.710208047181368,
    1.0509579442441463,
    5.923958960920572,
    9.758500149473548,
    0.6563330534845591,
    2.354915952309966,
    13.30895908176899,
    13.542667031288147,
    28.768875170499086,
    1.8363751005381346,
    2.4155830033123493,
    3.248833818361163,
    12.936167186126113,
    12.949124909937382,
    6.891417084261775,
    7.520666113123298,
    7.7160419896245,
    2.8510841075330973,
    2.423583995550871,
    8.206082973629236,
    14.060165965929627,
    9.557500015944242,
    8.2394580822438,
    14.373791869729757
  ],
  "manifest": "bench/manifests/longmemeval.json",
  "median_latency_ms": 7.618354051373899,
  "memory_records": 978,
  "p95_latency_ms": 14.373791869729757,
  "provenance": {
    "commit": "b8bc57eeeb50a60779e9d37267bf6a8d284aab8a",
    "dirty": false,
    "mind_sha256": "c1cf48ce3c2cbadfd59497d40f68bc8d5e2f4c45d1448bd617a672b07f9f139a",
    "platform": "macOS-26.4.1-arm64-arm-64bit-Mach-O",
    "python": "3.14.6",
    "python_implementation": "CPython",
    "sources": {
      "bench/longmemeval.py": "6f105c6ae3438d3ab91cb0102e7635daa634f616194605307bca3900659d0fac",
      "bench/manifests/longmemeval.json": "68baa76f664840e278bdf66fffc984baacc3012319104240d418c592a196d798"
    }
  },
  "selected_question_ids": [
    "73d42213",
    "b9cfe692",
    "0edc2aef",
    "7e00a6cb",
    "gpt4_1916e0ea",
    "gpt4_c27434e8",
    "c960da58",
    "e47becba",
    "19b5f2b3",
    "e3038f8c",
    "5831f84d",
    "38146c39",
    "60036106",
    "58470ed2",
    "89941a93",
    "67e0d0f2",
    "gpt4_2c50253f",
    "af082822",
    "fca762bc",
    "86f00804",
    "61f8c8f8",
    "gpt4_372c3eed",
    "8077ef71",
    "gpt4_59149c77",
    "a96c20ee",
    "gpt4_5438fa52",
    "gpt4_68e94288",
    "28bcfaac",
    "gpt4_78cf46a3",
    "gpt4_2f584639",
    "71a3fd6b",
    "c8f1aeed",
    "1cea1afa",
    "gpt4_21adecb5",
    "gpt4_7abb270c",
    "18dcd5a5",
    "e9327a54",
    "8464fc84",
    "d01c6aa8",
    "f9e8c073",
    "a2f3aa27",
    "08e075c7",
    "gpt4_4929293a",
    "1de5cff2",
    "0862e8bf",
    "6b168ec8",
    "08f4fc43",
    "3c1045c8",
    "d24813b1",
    "0bc8ad92"
  ],
  "selected_questions": 50,
  "skipped_abstention": 30,
  "skipped_abstention_scope": "dataset",
  "skipped_no_evidence": 0,
  "source": "https://huggingface.co/datasets/xiaowu0162/longmemeval-cleaned/resolve/98d7416c24c778c2fee6e6f3006e7a073259d48f/longmemeval_oracle.json",
  "subset": {
    "engine": "bm25",
    "granularity": "turn",
    "include_abstention": false,
    "limit": 50,
    "seed": 13,
    "top_k": 5
  }
}
