{
  "answer_string_at_k": 28,
  "answer_string_at_k_rate": 0.56,
  "avg_memory_records": 19.56,
  "backend": {
    "calls": 0,
    "configured": false,
    "fallback_reasons": {},
    "fallbacks": 0,
    "mode": "bm25",
    "models": []
  },
  "command": "python3.14 bench/longmemeval.py --engine bm25",
  "dataset_questions": 500,
  "dataset_revision": "98d7416c24c778c2fee6e6f3006e7a073259d48f",
  "dataset_sha256": "821a2034d219ab45846873dd14c14f12cfe7776e73527a483f9dac095d38620c",
  "evaluated": 50,
  "evaluated_question_ids": [
    "73d42213",
    "b9cfe692",
    "0edc2aef",
    "7e00a6cb",
    "gpt4_1916e0ea",
    "gpt4_c27434e8",
    "c960da58",
    "e47becba",
    "19b5f2b3",
    "e3038f8c",
    "5831f84d",
    "38146c39",
    "60036106",
    "58470ed2",
    "89941a93",
    "67e0d0f2",
    "gpt4_2c50253f",
    "af082822",
    "fca762bc",
    "86f00804",
    "61f8c8f8",
    "gpt4_372c3eed",
    "8077ef71",
    "gpt4_59149c77",
    "a96c20ee",
    "gpt4_5438fa52",
    "gpt4_68e94288",
    "28bcfaac",
    "gpt4_78cf46a3",
    "gpt4_2f584639",
    "71a3fd6b",
    "c8f1aeed",
    "1cea1afa",
    "gpt4_21adecb5",
    "gpt4_7abb270c",
    "18dcd5a5",
    "e9327a54",
    "8464fc84",
    "d01c6aa8",
    "f9e8c073",
    "a2f3aa27",
    "08e075c7",
    "gpt4_4929293a",
    "1de5cff2",
    "0862e8bf",
    "6b168ec8",
    "08f4fc43",
    "3c1045c8",
    "d24813b1",
    "0bc8ad92"
  ],
  "evidence_at_1": 33,
  "evidence_at_1_rate": 0.66,
  "evidence_at_k": 46,
  "evidence_at_k_rate": 0.92,
  "format": 1,
  "latencies_ms": [
    14.347625197842717,
    26.835083030164242,
    19.906708039343357,
    1.6842081677168608,
    15.913958894088864,
    16.693958081305027,
    9.599749930202961,
    7.506083929911256,
    4.425582941621542,
    35.03270912915468,
    14.744416112080216,
    7.4664580170065165,
    17.075957963243127,
    3.9936669636517763,
    17.25662499666214,
    17.786124954000115,
    14.103000052273273,
    6.691749906167388,
    1.686125062406063,
    9.00579197332263,
    14.609292149543762,
    34.115334041416645,
    4.645165987312794,
    23.109958041459322,
    14.759582933038473,
    17.428542021661997,
    15.474541112780571,
    4.371333168819547,
    14.400250045582652,
    19.189042039215565,
    2.2905829828232527,
    3.865208011120558,
    15.887540997937322,
    26.07962512411177,
    50.52324989810586,
    1.2387919705361128,
    9.47204208932817,
    3.632917068898678,
    22.395167034119368,
    18.575957976281643,
    15.025709057226777,
    9.919916978105903,
    15.588958049193025,
    4.0555421728640795,
    6.02970807813108,
    7.3582499753683805,
    16.22504205442965,
    17.587083857506514,
    12.299333000555634,
    18.68908409960568
  ],
  "manifest": "bench/manifests/longmemeval.json",
  "median_latency_ms": 14.67685413081199,
  "memory_records": 978,
  "p95_latency_ms": 26.835083030164242,
  "provenance": {
    "commit": "aa6dfa9774a0e5480989e3495a71543fdc5bb96f",
    "dirty": true,
    "mind_sha256": "ae2fc389b3b09c93cb432ab55b71063d98b400da6b18d6bc178322bc8f3fcf69",
    "platform": "macOS-26.4.1-arm64-arm-64bit-Mach-O",
    "python": "3.14.6",
    "python_implementation": "CPython",
    "sources": {
      "bench/longmemeval.py": "6f105c6ae3438d3ab91cb0102e7635daa634f616194605307bca3900659d0fac",
      "bench/manifests/longmemeval.json": "68baa76f664840e278bdf66fffc984baacc3012319104240d418c592a196d798"
    }
  },
  "selected_question_ids": [
    "73d42213",
    "b9cfe692",
    "0edc2aef",
    "7e00a6cb",
    "gpt4_1916e0ea",
    "gpt4_c27434e8",
    "c960da58",
    "e47becba",
    "19b5f2b3",
    "e3038f8c",
    "5831f84d",
    "38146c39",
    "60036106",
    "58470ed2",
    "89941a93",
    "67e0d0f2",
    "gpt4_2c50253f",
    "af082822",
    "fca762bc",
    "86f00804",
    "61f8c8f8",
    "gpt4_372c3eed",
    "8077ef71",
    "gpt4_59149c77",
    "a96c20ee",
    "gpt4_5438fa52",
    "gpt4_68e94288",
    "28bcfaac",
    "gpt4_78cf46a3",
    "gpt4_2f584639",
    "71a3fd6b",
    "c8f1aeed",
    "1cea1afa",
    "gpt4_21adecb5",
    "gpt4_7abb270c",
    "18dcd5a5",
    "e9327a54",
    "8464fc84",
    "d01c6aa8",
    "f9e8c073",
    "a2f3aa27",
    "08e075c7",
    "gpt4_4929293a",
    "1de5cff2",
    "0862e8bf",
    "6b168ec8",
    "08f4fc43",
    "3c1045c8",
    "d24813b1",
    "0bc8ad92"
  ],
  "selected_questions": 50,
  "skipped_abstention": 30,
  "skipped_abstention_scope": "dataset",
  "skipped_no_evidence": 0,
  "source": "https://huggingface.co/datasets/xiaowu0162/longmemeval-cleaned/resolve/98d7416c24c778c2fee6e6f3006e7a073259d48f/longmemeval_oracle.json",
  "subset": {
    "engine": "bm25",
    "granularity": "turn",
    "include_abstention": false,
    "limit": 50,
    "seed": 13,
    "top_k": 5
  }
}
