{
  "answer_string_at_k": 29,
  "answer_string_at_k_rate": 0.58,
  "avg_memory_records": 19.56,
  "backend": {
    "calls": 0,
    "configured": false,
    "fallback_reasons": {},
    "fallbacks": 0,
    "mode": "offline",
    "models": []
  },
  "command": "python3.14 bench/longmemeval.py",
  "dataset_questions": 500,
  "dataset_revision": "98d7416c24c778c2fee6e6f3006e7a073259d48f",
  "dataset_sha256": "821a2034d219ab45846873dd14c14f12cfe7776e73527a483f9dac095d38620c",
  "evaluated": 50,
  "evaluated_question_ids": [
    "73d42213",
    "b9cfe692",
    "0edc2aef",
    "7e00a6cb",
    "gpt4_1916e0ea",
    "gpt4_c27434e8",
    "c960da58",
    "e47becba",
    "19b5f2b3",
    "e3038f8c",
    "5831f84d",
    "38146c39",
    "60036106",
    "58470ed2",
    "89941a93",
    "67e0d0f2",
    "gpt4_2c50253f",
    "af082822",
    "fca762bc",
    "86f00804",
    "61f8c8f8",
    "gpt4_372c3eed",
    "8077ef71",
    "gpt4_59149c77",
    "a96c20ee",
    "gpt4_5438fa52",
    "gpt4_68e94288",
    "28bcfaac",
    "gpt4_78cf46a3",
    "gpt4_2f584639",
    "71a3fd6b",
    "c8f1aeed",
    "1cea1afa",
    "gpt4_21adecb5",
    "gpt4_7abb270c",
    "18dcd5a5",
    "e9327a54",
    "8464fc84",
    "d01c6aa8",
    "f9e8c073",
    "a2f3aa27",
    "08e075c7",
    "gpt4_4929293a",
    "1de5cff2",
    "0862e8bf",
    "6b168ec8",
    "08f4fc43",
    "3c1045c8",
    "d24813b1",
    "0bc8ad92"
  ],
  "evidence_at_1": 25,
  "evidence_at_1_rate": 0.5,
  "evidence_at_k": 42,
  "evidence_at_k_rate": 0.84,
  "format": 1,
  "latencies_ms": [
    110.26233294978738,
    175.33804196864367,
    137.34937482513487,
    45.018000062555075,
    150.56812507100403,
    157.69404196180403,
    76.41600002534688,
    24.35695892199874,
    59.14608296006918,
    195.47124998643994,
    135.41312492452562,
    115.67204096354544,
    185.98233303055167,
    35.16849991865456,
    148.5323749948293,
    180.28683308511972,
    122.02854198403656,
    53.41712501831353,
    38.6847909539938,
    102.475083200261,
    131.55979197472334,
    265.6793750356883,
    82.14345783926547,
    287.00400004163384,
    246.73349992372096,
    208.18129205144942,
    141.7349581606686,
    58.852459071204066,
    127.62945797294378,
    102.281958097592,
    24.573750095441937,
    61.29350000992417,
    92.78466599062085,
    257.9433750361204,
    152.17233286239207,
    27.510332874953747,
    98.36729196831584,
    72.34908314421773,
    127.78225005604327,
    135.34358399920166,
    233.90754195861518,
    147.7064578793943,
    151.61295793950558,
    58.323999866843224,
    32.37587492913008,
    113.63429110497236,
    184.65666705742478,
    201.9578751642257,
    113.2371248677373,
    125.28470810502768
  ],
  "manifest": "bench/manifests/longmemeval.json",
  "median_latency_ms": 126.45708303898573,
  "memory_records": 978,
  "p95_latency_ms": 246.73349992372096,
  "provenance": {
    "commit": "aa6dfa9774a0e5480989e3495a71543fdc5bb96f",
    "dirty": true,
    "mind_sha256": "ae2fc389b3b09c93cb432ab55b71063d98b400da6b18d6bc178322bc8f3fcf69",
    "platform": "macOS-26.4.1-arm64-arm-64bit-Mach-O",
    "python": "3.14.6",
    "python_implementation": "CPython",
    "sources": {
      "bench/longmemeval.py": "6f105c6ae3438d3ab91cb0102e7635daa634f616194605307bca3900659d0fac",
      "bench/manifests/longmemeval.json": "68baa76f664840e278bdf66fffc984baacc3012319104240d418c592a196d798"
    }
  },
  "selected_question_ids": [
    "73d42213",
    "b9cfe692",
    "0edc2aef",
    "7e00a6cb",
    "gpt4_1916e0ea",
    "gpt4_c27434e8",
    "c960da58",
    "e47becba",
    "19b5f2b3",
    "e3038f8c",
    "5831f84d",
    "38146c39",
    "60036106",
    "58470ed2",
    "89941a93",
    "67e0d0f2",
    "gpt4_2c50253f",
    "af082822",
    "fca762bc",
    "86f00804",
    "61f8c8f8",
    "gpt4_372c3eed",
    "8077ef71",
    "gpt4_59149c77",
    "a96c20ee",
    "gpt4_5438fa52",
    "gpt4_68e94288",
    "28bcfaac",
    "gpt4_78cf46a3",
    "gpt4_2f584639",
    "71a3fd6b",
    "c8f1aeed",
    "1cea1afa",
    "gpt4_21adecb5",
    "gpt4_7abb270c",
    "18dcd5a5",
    "e9327a54",
    "8464fc84",
    "d01c6aa8",
    "f9e8c073",
    "a2f3aa27",
    "08e075c7",
    "gpt4_4929293a",
    "1de5cff2",
    "0862e8bf",
    "6b168ec8",
    "08f4fc43",
    "3c1045c8",
    "d24813b1",
    "0bc8ad92"
  ],
  "selected_questions": 50,
  "skipped_abstention": 30,
  "skipped_abstention_scope": "dataset",
  "skipped_no_evidence": 0,
  "source": "https://huggingface.co/datasets/xiaowu0162/longmemeval-cleaned/resolve/98d7416c24c778c2fee6e6f3006e7a073259d48f/longmemeval_oracle.json",
  "subset": {
    "engine": "mind",
    "granularity": "turn",
    "include_abstention": false,
    "limit": 50,
    "seed": 13,
    "top_k": 5
  }
}
