{
  "answer_string_at_k": 26,
  "answer_string_at_k_rate": 0.52,
  "avg_memory_records": 19.56,
  "backend": {
    "calls": 49,
    "configured": true,
    "fallback_reasons": {},
    "fallbacks": 0,
    "mode": "server",
    "models": [
      "stdlib-concept-hash@2"
    ]
  },
  "command": "python3.14 bench/longmemeval.py --embed-server 'python3 contrib/concept_embed_server.py' --require-embed",
  "dataset_questions": 500,
  "dataset_revision": "98d7416c24c778c2fee6e6f3006e7a073259d48f",
  "dataset_sha256": "821a2034d219ab45846873dd14c14f12cfe7776e73527a483f9dac095d38620c",
  "evaluated": 50,
  "evaluated_question_ids": [
    "73d42213",
    "b9cfe692",
    "0edc2aef",
    "7e00a6cb",
    "gpt4_1916e0ea",
    "gpt4_c27434e8",
    "c960da58",
    "e47becba",
    "19b5f2b3",
    "e3038f8c",
    "5831f84d",
    "38146c39",
    "60036106",
    "58470ed2",
    "89941a93",
    "67e0d0f2",
    "gpt4_2c50253f",
    "af082822",
    "fca762bc",
    "86f00804",
    "61f8c8f8",
    "gpt4_372c3eed",
    "8077ef71",
    "gpt4_59149c77",
    "a96c20ee",
    "gpt4_5438fa52",
    "gpt4_68e94288",
    "28bcfaac",
    "gpt4_78cf46a3",
    "gpt4_2f584639",
    "71a3fd6b",
    "c8f1aeed",
    "1cea1afa",
    "gpt4_21adecb5",
    "gpt4_7abb270c",
    "18dcd5a5",
    "e9327a54",
    "8464fc84",
    "d01c6aa8",
    "f9e8c073",
    "a2f3aa27",
    "08e075c7",
    "gpt4_4929293a",
    "1de5cff2",
    "0862e8bf",
    "6b168ec8",
    "08f4fc43",
    "3c1045c8",
    "d24813b1",
    "0bc8ad92"
  ],
  "evidence_at_1": 28,
  "evidence_at_1_rate": 0.56,
  "evidence_at_k": 42,
  "evidence_at_k_rate": 0.84,
  "format": 1,
  "latencies_ms": [
    329.8438750207424,
    264.6060830447823,
    305.5961250793189,
    292.6775838714093,
    324.06783290207386,
    393.294540932402,
    281.0826660133898,
    250.3241659142077,
    259.7362499218434,
    344.5168749894947,
    286.5060840267688,
    320.32541604712605,
    358.1951670348644,
    267.30625005438924,
    301.89700005576015,
    322.3425420001149,
    302.70650004968047,
    237.9070830065757,
    220.0766250025481,
    274.66187509708107,
    254.99224988743663,
    426.17949983105063,
    215.7670829910785,
    299.42716704681516,
    258.35404195822775,
    291.37470782734454,
    274.63137498125434,
    224.51316588558257,
    253.27404192648828,
    224.13324983790517,
    200.88958297856152,
    202.5214999448508,
    224.09612499177456,
    317.45475018396974,
    273.5024590510875,
    183.8383749127388,
    241.91287509165704,
    229.6767921652645,
    248.79104201681912,
    287.5468749552965,
    239.78779185563326,
    236.60162487067282,
    364.33583311736584,
    231.40874993987381,
    34.34058395214379,
    203.09141604229808,
    243.5373750049621,
    202.55737495608628,
    236.7153752129525,
    249.78883285075426
  ],
  "manifest": "bench/manifests/longmemeval.json",
  "median_latency_ms": 259.0451459400356,
  "memory_records": 978,
  "p95_latency_ms": 358.1951670348644,
  "provenance": {
    "commit": "91cbbf0089e6aa366a15556968a73faf4f83a3cd",
    "dirty": false,
    "mind_sha256": "ae2fc389b3b09c93cb432ab55b71063d98b400da6b18d6bc178322bc8f3fcf69",
    "platform": "macOS-26.4.1-arm64-arm-64bit-Mach-O",
    "python": "3.14.6",
    "python_implementation": "CPython",
    "sources": {
      "bench/longmemeval.py": "6f105c6ae3438d3ab91cb0102e7635daa634f616194605307bca3900659d0fac",
      "bench/manifests/longmemeval.json": "68baa76f664840e278bdf66fffc984baacc3012319104240d418c592a196d798"
    }
  },
  "selected_question_ids": [
    "73d42213",
    "b9cfe692",
    "0edc2aef",
    "7e00a6cb",
    "gpt4_1916e0ea",
    "gpt4_c27434e8",
    "c960da58",
    "e47becba",
    "19b5f2b3",
    "e3038f8c",
    "5831f84d",
    "38146c39",
    "60036106",
    "58470ed2",
    "89941a93",
    "67e0d0f2",
    "gpt4_2c50253f",
    "af082822",
    "fca762bc",
    "86f00804",
    "61f8c8f8",
    "gpt4_372c3eed",
    "8077ef71",
    "gpt4_59149c77",
    "a96c20ee",
    "gpt4_5438fa52",
    "gpt4_68e94288",
    "28bcfaac",
    "gpt4_78cf46a3",
    "gpt4_2f584639",
    "71a3fd6b",
    "c8f1aeed",
    "1cea1afa",
    "gpt4_21adecb5",
    "gpt4_7abb270c",
    "18dcd5a5",
    "e9327a54",
    "8464fc84",
    "d01c6aa8",
    "f9e8c073",
    "a2f3aa27",
    "08e075c7",
    "gpt4_4929293a",
    "1de5cff2",
    "0862e8bf",
    "6b168ec8",
    "08f4fc43",
    "3c1045c8",
    "d24813b1",
    "0bc8ad92"
  ],
  "selected_questions": 50,
  "skipped_abstention": 30,
  "skipped_abstention_scope": "dataset",
  "skipped_no_evidence": 0,
  "source": "https://huggingface.co/datasets/xiaowu0162/longmemeval-cleaned/resolve/98d7416c24c778c2fee6e6f3006e7a073259d48f/longmemeval_oracle.json",
  "subset": {
    "engine": "mind",
    "granularity": "turn",
    "include_abstention": false,
    "limit": 50,
    "seed": 13,
    "top_k": 5
  }
}
